{
    "camera": {
        "fovy": 45.0,
        "aspect": [ 16.0, 9.0 ],
        "zNear": 0.01,
        "zFar": 1000.0
    },

    "light_sources": {
        "white_light": {
            "color": [ 1.0,1.0, 1.0 ],
            "position": [ 0.0, 2.0, 0.0 ]
        }
    },

    "materials": {
        "stone": {
            "ambient": [ 0.5, 0.5, 0.5 ],
            "diffuse": [ 0.251273, 0.295563, 0.355950 ],
            "specular": [ 0.500000, 0.500000, 0.500000 ],
            "shininess": 8
        },
        "obsidian": {
            "ambient": [ 0.05375, 0.05, 0.06625 ],
            "diffuse": [ 0.18275, 0.17, 0.22525 ],
            "specular": [ 0.332741, 0.328634, 0.346435 ],
            "shininess": 3
        }
    },

    "objects": {
        "plane": {
            "position": [ 0, -1, -5 ],
            "rotation": [ 0, 0, 0 ],
            "scale": [ 10, 0, 10 ],
            "material": "obsidian",
            "primitive": 1,
            "type": "plane"
        }
    }
}